{"mean":{"confidence_interval":{"confidence_level":0.95,"lower_bound":350.61233439581554,"upper_bound":362.22959442080065},"point_estimate":355.7927345664578,"standard_error":2.9729327261759173},"median":{"confidence_interval":{"confidence_level":0.95,"lower_bound":347.02033199643495,"upper_bound":356.17113551242767},"point_estimate":350.90219200442414,"standard_error":2.5495897478586493},"median_abs_dev":{"confidence_interval":{"confidence_level":0.95,"lower_bound":13.941090758034322,"upper_bound":23.595277843743204},"point_estimate":18.282151232379352,"standard_error":2.604226260122251},"slope":{"confidence_interval":{"confidence_level":0.95,"lower_bound":356.1815778736724,"upper_bound":366.20078535725304},"point_estimate":361.2542503268984,"standard_error":2.552415066350448},"std_dev":{"confidence_interval":{"confidence_level":0.95,"lower_bound":17.122878741496336,"upper_bound":44.229878573118796},"point_estimate":29.904903678554344,"standard_error":8.365715906808619}}