{"mean":{"confidence_interval":{"confidence_level":0.95,"lower_bound":790611.1660511036,"upper_bound":806972.2846732372},"point_estimate":797385.4594160995,"standard_error":4244.9125062541125},"median":{"confidence_interval":{"confidence_level":0.95,"lower_bound":790716.961778674,"upper_bound":798154.8333333334},"point_estimate":794666.9302884615,"standard_error":1931.9022492009342},"median_abs_dev":{"confidence_interval":{"confidence_level":0.95,"lower_bound":11842.866344907296,"upper_bound":23210.28336109303},"point_estimate":18356.052864796682,"standard_error":3029.019790890801},"slope":{"confidence_interval":{"confidence_level":0.95,"lower_bound":784195.169050571,"upper_bound":792401.8025494519},"point_estimate":788160.1924693364,"standard_error":2094.1556642011155},"std_dev":{"confidence_interval":{"confidence_level":0.95,"lower_bound":17174.03273527687,"upper_bound":68234.57881504417},"point_estimate":42754.54179910921,"standard_error":16468.540517673315}}