{"mean":{"confidence_interval":{"confidence_level":0.95,"lower_bound":1000.742062983491,"upper_bound":1034.6240272099976},"point_estimate":1014.7498481278401,"standard_error":8.787463226014745},"median":{"confidence_interval":{"confidence_level":0.95,"lower_bound":986.0938615847542,"upper_bound":1000.353778548761},"point_estimate":994.0991141093964,"standard_error":3.45199697565913},"median_abs_dev":{"confidence_interval":{"confidence_level":0.95,"lower_bound":15.63625952932163,"upper_bound":29.69145936092245},"point_estimate":22.919220478026514,"standard_error":3.44991105866656},"slope":{"confidence_interval":{"confidence_level":0.95,"lower_bound":987.3007492341969,"upper_bound":998.3170695201733},"point_estimate":992.2789807786,"standard_error":2.824065363925728},"std_dev":{"confidence_interval":{"confidence_level":0.95,"lower_bound":33.21398146025617,"upper_bound":140.13401044853177},"point_estimate":88.18304678768263,"standard_error":33.21561955765927}}