{"mean":{"confidence_interval":{"confidence_level":0.95,"lower_bound":740.5200633515774,"upper_bound":759.7113631077686},"point_estimate":749.2512589641448,"standard_error":4.905336640521584},"median":{"confidence_interval":{"confidence_level":0.95,"lower_bound":730.563581745116,"upper_bound":745.2047308319738},"point_estimate":737.5039713549094,"standard_error":3.364212658394053},"median_abs_dev":{"confidence_interval":{"confidence_level":0.95,"lower_bound":17.874238181853162,"upper_bound":32.45499685957533},"point_estimate":24.375193952941515,"standard_error":3.385901566329538},"slope":{"confidence_interval":{"confidence_level":0.95,"lower_bound":742.6811239978005,"upper_bound":762.6890477362451},"point_estimate":752.3201503144397,"standard_error":5.115383439962142},"std_dev":{"confidence_interval":{"confidence_level":0.95,"lower_bound":27.57943437901449,"upper_bound":69.37767277888103},"point_estimate":49.091204593925255,"standard_error":10.971553374230766}}