{"mean":{"confidence_interval":{"confidence_level":0.95,"lower_bound":4483.706030794019,"upper_bound":4611.180143107525},"point_estimate":4542.212025065564,"standard_error":32.470879259406715},"median":{"confidence_interval":{"confidence_level":0.95,"lower_bound":4408.21432160804,"upper_bound":4461.307236962472},"point_estimate":4435.44393568918,"standard_error":17.494093410271475},"median_abs_dev":{"confidence_interval":{"confidence_level":0.95,"lower_bound":107.63150479547198,"upper_bound":210.31023812225052},"point_estimate":166.97110198234103,"standard_error":26.142273197809153},"slope":{"confidence_interval":{"confidence_level":0.95,"lower_bound":4545.264788895235,"upper_bound":4677.278207975597},"point_estimate":4611.827888221958,"standard_error":33.73207058829843},"std_dev":{"confidence_interval":{"confidence_level":0.95,"lower_bound":191.82210496849942,"upper_bound":452.57835168811135},"point_estimate":326.9747559589748,"standard_error":68.43237815978655}}