{"mean":{"confidence_interval":{"confidence_level":0.95,"lower_bound":301677.47778990754,"upper_bound":307985.69600254996},"point_estimate":304669.54069034697,"standard_error":1606.6623119876729},"median":{"confidence_interval":{"confidence_level":0.95,"lower_bound":299248.7596604215,"upper_bound":302617.9357142857},"point_estimate":301070.35625,"standard_error":870.3848792717396},"median_abs_dev":{"confidence_interval":{"confidence_level":0.95,"lower_bound":8536.930233152034,"upper_bound":15020.023772325449},"point_estimate":12084.289198769819,"standard_error":1763.0859942468428},"slope":{"confidence_interval":{"confidence_level":0.95,"lower_bound":298321.3007482016,"upper_bound":306981.7004213912},"point_estimate":302329.84743756463,"standard_error":2207.5063455851455},"std_dev":{"confidence_interval":{"confidence_level":0.95,"lower_bound":11542.845041157736,"upper_bound":20539.85475427094},"point_estimate":16171.781406790236,"standard_error":2307.622166765958}}