{"mean":{"confidence_interval":{"confidence_level":0.95,"lower_bound":572.7910827996028,"upper_bound":585.1997007383851},"point_estimate":578.3658955157266,"standard_error":3.185874125074932},"median":{"confidence_interval":{"confidence_level":0.95,"lower_bound":570.2232963560398,"upper_bound":576.5600914014797},"point_estimate":574.3251120268017,"standard_error":1.6208520059785394},"median_abs_dev":{"confidence_interval":{"confidence_level":0.95,"lower_bound":10.800157371773949,"upper_bound":20.31410351678508},"point_estimate":15.570566059347836,"standard_error":2.4281836943179416},"slope":{"confidence_interval":{"confidence_level":0.95,"lower_bound":569.3884266900989,"upper_bound":579.1556950933905},"point_estimate":574.0755933567901,"standard_error":2.489027364090037},"std_dev":{"confidence_interval":{"confidence_level":0.95,"lower_bound":18.1680138187489,"upper_bound":46.829139963621245},"point_estimate":32.04987718869353,"standard_error":8.375729566875965}}